deployment_name,block_index,block_start_utc,lcu_sum,lcu_cost_usd
svc-batch-transform-2gb-slim-container,1,2026-05-08T21:52:38.940680+00:00,0.022178,2.96e-06
svc-batch-transform-2gb-slim-container,2,2026-05-08T23:38:08.971227+00:00,0.021672,2.89e-06
svc-batch-transform-2gb-slim-container,3,2026-05-09T01:23:28.329302+00:00,0.022006,2.93e-06
svc-batch-transform-2gb-slim-container,4,2026-05-09T03:10:03.287985+00:00,0.021611,2.88e-06
svc-batch-transform-2gb-slim-container,5,2026-05-09T04:55:12.850621+00:00,0.0223,2.97e-06
svc-batch-transform-2gb-slim-container,6,2026-05-09T06:48:26.001894+00:00,0.023167,3.09e-06
svc-batch-transform-2gb-slim-container,7,2026-05-09T08:33:39.183195+00:00,0.022839,3.05e-06
svc-batch-transform-2gb-slim-container,8,2026-05-09T10:18:59.862860+00:00,0.026489,3.53e-06
svc-batch-transform-2gb-slim-container,9,2026-05-09T12:15:14.822590+00:00,0.020406,2.72e-06
svc-batch-transform-2gb-slim-container,10,2026-05-09T14:13:52.064751+00:00,0.178156,2.375e-05
svc-batch-transform-2gb-slim-container,11,2026-05-09T15:58:56.963905+00:00,0.198644,2.649e-05
svc-batch-transform-2gb-slim-container,12,2026-05-09T17:44:02.107614+00:00,0.198211,2.643e-05
svc-batch-transform-2gb-slim-container,13,2026-05-09T19:29:11.118795+00:00,0.196022,2.614e-05
svc-batch-transform-2gb-slim-container,14,2026-05-09T21:14:11.269135+00:00,0.200267,2.67e-05
svc-batch-transform-2gb-slim-container,15,2026-05-09T22:59:11.369955+00:00,0.199978,2.666e-05
svc-batch-transform-2gb-slim-container,16,2026-05-10T00:44:31.870218+00:00,0.198022,2.64e-05
svc-batch-transform-2gb-slim-container,17,2026-05-10T02:29:36.732724+00:00,0.205422,2.739e-05
svc-batch-transform-2gb-slim-container,18,2026-05-10T04:29:32.419436+00:00,0.214333,2.858e-05
svc-batch-transform-2gb-slim-container,19,2026-05-10T06:14:37.113822+00:00,0.947022,0.00012627
svc-batch-transform-2gb-slim-container,20,2026-05-10T07:59:37.288014+00:00,0.991244,0.00013217
svc-batch-transform-2gb-slim-container,21,2026-05-10T09:44:37.295323+00:00,0.953311,0.00012711
svc-batch-transform-2gb-slim-container,22,2026-05-10T11:29:38.236509+00:00,1.005911,0.00013412
svc-batch-transform-2gb-slim-container,23,2026-05-10T13:14:38.271562+00:00,1.006378,0.00013418
svc-batch-transform-2gb-slim-container,24,2026-05-10T14:59:38.619208+00:00,0.950978,0.0001268
svc-batch-transform-2gb-slim-container,25,2026-05-10T16:44:39.309692+00:00,1.029067,0.00013721
svc-batch-transform-2gb-slim-container,26,2026-05-10T18:29:44.117395+00:00,0.989111,0.00013188
svc-batch-transform-2gb-slim-container,27,2026-05-10T20:14:45.797030+00:00,0.962156,0.00012829
svc-batch-transform-2gb-slim-container,28,2026-05-10T21:59:52.575135+00:00,1.926644,0.00025689
svc-batch-transform-2gb-slim-container,29,2026-05-10T23:44:52.901190+00:00,1.9496,0.00025995
svc-batch-transform-2gb-slim-container,30,2026-05-11T01:29:53.992612+00:00,1.645711,0.00021943
svc-batch-transform-2gb-slim-container,31,2026-05-11T03:14:54.423242+00:00,1.969089,0.00026255
svc-batch-transform-2gb-slim-container,32,2026-05-11T14:02:02.837340+00:00,2.097722,0.0002797
svc-batch-transform-2gb-slim-container,33,2026-05-11T15:47:07.340135+00:00,1.811833,0.00024158
svc-batch-transform-2gb-slim-container,34,2026-05-11T17:32:07.858918+00:00,2.261444,0.00030153
svc-batch-transform-2gb-slim-container,35,2026-05-11T19:17:10.609651+00:00,2.202667,0.00029369
svc-batch-transform-2gb-slim-container,36,2026-05-11T21:02:21.905601+00:00,1.809644,0.00024129
svc-batch-transform-2gb-standard-container,1,2026-05-08T21:52:39.441010+00:00,0.022178,2.96e-06
svc-batch-transform-2gb-standard-container,2,2026-05-08T23:37:39.701591+00:00,0.021828,2.91e-06
svc-batch-transform-2gb-standard-container,3,2026-05-09T01:23:24.775258+00:00,0.022006,2.93e-06
svc-batch-transform-2gb-standard-container,4,2026-05-09T03:08:46.021149+00:00,0.022278,2.97e-06
svc-batch-transform-2gb-standard-container,5,2026-05-09T04:56:07.117301+00:00,0.022011,2.93e-06
svc-batch-transform-2gb-standard-container,6,2026-05-09T06:42:04.828568+00:00,0.023533,3.14e-06
svc-batch-transform-2gb-standard-container,7,2026-05-09T08:27:24.613122+00:00,0.023061,3.07e-06
svc-batch-transform-2gb-standard-container,8,2026-05-09T10:15:57.208614+00:00,0.02595,3.46e-06
svc-batch-transform-2gb-standard-container,9,2026-05-09T12:19:38.823210+00:00,0.019861,2.65e-06
svc-batch-transform-2gb-standard-container,10,2026-05-09T14:17:14.920071+00:00,0.181933,2.426e-05
svc-batch-transform-2gb-standard-container,11,2026-05-09T16:02:23.882296+00:00,0.198978,2.653e-05
svc-batch-transform-2gb-standard-container,12,2026-05-09T17:47:31.655007+00:00,0.198933,2.652e-05
svc-batch-transform-2gb-standard-container,13,2026-05-09T19:32:48.654416+00:00,0.196822,2.624e-05
svc-batch-transform-2gb-standard-container,14,2026-05-09T21:18:08.290865+00:00,0.200022,2.667e-05
svc-batch-transform-2gb-standard-container,15,2026-05-09T23:03:21.417636+00:00,0.199911,2.665e-05
svc-batch-transform-2gb-standard-container,16,2026-05-10T00:49:51.309501+00:00,0.197578,2.634e-05
svc-batch-transform-2gb-standard-container,17,2026-05-10T02:35:53.384657+00:00,0.207333,2.764e-05
svc-batch-transform-2gb-standard-container,18,2026-05-10T04:20:58.946424+00:00,0.212067,2.828e-05
svc-batch-transform-2gb-standard-container,19,2026-05-10T06:06:35.996879+00:00,0.923289,0.00012311
svc-batch-transform-2gb-standard-container,20,2026-05-10T07:51:38.184861+00:00,0.988156,0.00013175
svc-batch-transform-2gb-standard-container,21,2026-05-10T09:36:41.317948+00:00,0.944911,0.00012599
svc-batch-transform-2gb-standard-container,22,2026-05-10T11:21:41.670799+00:00,0.997111,0.00013295
svc-batch-transform-2gb-standard-container,23,2026-05-10T13:06:42.296169+00:00,0.996089,0.00013281
svc-batch-transform-2gb-standard-container,24,2026-05-10T14:51:54.313189+00:00,0.942644,0.00012569
svc-batch-transform-2gb-standard-container,25,2026-05-10T16:36:54.835180+00:00,1.0144,0.00013525
svc-batch-transform-2gb-standard-container,26,2026-05-10T18:21:58.589474+00:00,0.983889,0.00013119
svc-batch-transform-2gb-standard-container,27,2026-05-10T20:07:03.217155+00:00,0.938978,0.0001252
svc-batch-transform-2gb-standard-container,28,2026-05-10T21:52:26.155313+00:00,1.889822,0.00025198
svc-batch-transform-2gb-standard-container,29,2026-05-10T23:37:27.143742+00:00,1.9408,0.00025877
svc-batch-transform-2gb-standard-container,30,2026-05-11T01:22:27.228032+00:00,1.614956,0.00021533
svc-batch-transform-2gb-standard-container,31,2026-05-11T03:07:27.401855+00:00,1.951811,0.00026024
svc-batch-transform-2gb-standard-container,32,2026-05-11T14:02:03.337677+00:00,2.097722,0.0002797
svc-batch-transform-2gb-standard-container,33,2026-05-11T15:47:05.098858+00:00,1.811833,0.00024158
svc-batch-transform-2gb-standard-container,34,2026-05-11T17:32:05.864258+00:00,2.261444,0.00030153
svc-batch-transform-2gb-standard-container,35,2026-05-11T19:17:13.252521+00:00,2.202667,0.00029369
svc-batch-transform-2gb-standard-container,36,2026-05-11T21:02:14.531422+00:00,1.809644,0.00024129
svc-batch-transform-512mb-slim-container,1,2026-05-08T21:52:37.940031+00:00,0.022178,2.96e-06
svc-batch-transform-512mb-slim-container,2,2026-05-08T23:38:00.473300+00:00,0.021672,2.89e-06
svc-batch-transform-512mb-slim-container,3,2026-05-09T01:23:20.100456+00:00,0.022006,2.93e-06
svc-batch-transform-512mb-slim-container,4,2026-05-09T03:08:45.500206+00:00,0.022278,2.97e-06
svc-batch-transform-512mb-slim-container,5,2026-05-09T04:53:56.836616+00:00,0.022189,2.96e-06
svc-batch-transform-512mb-slim-container,6,2026-05-09T06:44:34.319510+00:00,0.023444,3.13e-06
svc-batch-transform-512mb-slim-container,7,2026-05-09T08:30:49.359949+00:00,0.023411,3.12e-06
svc-batch-transform-512mb-slim-container,8,2026-05-09T10:30:08.909706+00:00,0.025878,3.45e-06
svc-batch-transform-512mb-slim-container,9,2026-05-09T12:23:00.191104+00:00,0.018761,2.5e-06
svc-batch-transform-512mb-slim-container,10,2026-05-09T14:13:22.078784+00:00,0.178156,2.375e-05
svc-batch-transform-512mb-slim-container,11,2026-05-09T15:58:22.624929+00:00,0.198644,2.649e-05
svc-batch-transform-512mb-slim-container,12,2026-05-09T17:43:26.069464+00:00,0.198,2.64e-05
svc-batch-transform-512mb-slim-container,13,2026-05-09T19:28:27.157926+00:00,0.195867,2.612e-05
svc-batch-transform-512mb-slim-container,14,2026-05-09T21:13:36.385617+00:00,0.199822,2.664e-05
svc-batch-transform-512mb-slim-container,15,2026-05-09T22:58:38.891711+00:00,0.199978,2.666e-05
svc-batch-transform-512mb-slim-container,16,2026-05-10T00:43:39.850527+00:00,0.197956,2.639e-05
svc-batch-transform-512mb-slim-container,17,2026-05-10T02:29:48.481981+00:00,0.205422,2.739e-05
svc-batch-transform-512mb-slim-container,18,2026-05-10T04:15:07.484870+00:00,0.205867,2.745e-05
svc-batch-transform-512mb-slim-container,19,2026-05-10T06:02:20.878189+00:00,0.898689,0.00011983
svc-batch-transform-512mb-slim-container,20,2026-05-10T07:47:21.116950+00:00,0.979611,0.00013061
svc-batch-transform-512mb-slim-container,21,2026-05-10T09:32:21.531707+00:00,0.935767,0.00012477
svc-batch-transform-512mb-slim-container,22,2026-05-10T11:17:24.473962+00:00,0.987444,0.00013166
svc-batch-transform-512mb-slim-container,23,2026-05-10T13:02:31.098806+00:00,0.985533,0.0001314
svc-batch-transform-512mb-slim-container,24,2026-05-10T14:47:40.641630+00:00,0.933133,0.00012442
svc-batch-transform-512mb-slim-container,25,2026-05-10T16:32:41.154007+00:00,1.003733,0.00013383
svc-batch-transform-512mb-slim-container,26,2026-05-10T18:17:41.185170+00:00,0.967378,0.00012898
svc-batch-transform-512mb-slim-container,27,2026-05-10T20:02:41.431711+00:00,0.9236,0.00012315
svc-batch-transform-512mb-slim-container,28,2026-05-10T21:47:42.456006+00:00,1.847167,0.00024629
svc-batch-transform-512mb-slim-container,29,2026-05-10T23:32:43.285240+00:00,1.923822,0.00025651
svc-batch-transform-512mb-slim-container,30,2026-05-11T01:17:44.539231+00:00,1.585556,0.00021141
svc-batch-transform-512mb-slim-container,31,2026-05-11T03:02:46.634860+00:00,1.927311,0.00025697
svc-batch-transform-512mb-slim-container,32,2026-05-11T14:02:01.836648+00:00,2.097722,0.0002797
svc-batch-transform-512mb-slim-container,33,2026-05-11T15:47:03.658153+00:00,1.811833,0.00024158
svc-batch-transform-512mb-slim-container,34,2026-05-11T17:32:05.789603+00:00,2.261444,0.00030153
svc-batch-transform-512mb-slim-container,35,2026-05-11T19:17:38.405477+00:00,2.202667,0.00029369
svc-batch-transform-512mb-slim-container,36,2026-05-11T21:02:57.506429+00:00,1.809644,0.00024129
svc-batch-transform-512mb-standard-container,1,2026-05-08T21:52:38.440338+00:00,0.022178,2.96e-06
svc-batch-transform-512mb-standard-container,2,2026-05-08T23:39:04.995560+00:00,0.021411,2.85e-06
svc-batch-transform-512mb-standard-container,3,2026-05-09T01:25:47.376144+00:00,0.021633,2.88e-06
svc-batch-transform-512mb-standard-container,4,2026-05-09T03:10:52.468403+00:00,0.021611,2.88e-06
svc-batch-transform-512mb-standard-container,5,2026-05-09T04:57:14.749722+00:00,0.021811,2.91e-06
svc-batch-transform-512mb-standard-container,6,2026-05-09T06:42:18.883893+00:00,0.023533,3.14e-06
svc-batch-transform-512mb-standard-container,7,2026-05-09T08:27:33.484838+00:00,0.023061,3.07e-06
svc-batch-transform-512mb-standard-container,8,2026-05-09T10:13:15.654611+00:00,0.026122,3.48e-06
svc-batch-transform-512mb-standard-container,9,2026-05-09T12:00:15.510072+00:00,0.018689,2.49e-06
svc-batch-transform-512mb-standard-container,10,2026-05-09T13:58:09.923845+00:00,0.150711,2.009e-05
svc-batch-transform-512mb-standard-container,11,2026-05-09T15:43:22.664150+00:00,0.188756,2.517e-05
svc-batch-transform-512mb-standard-container,12,2026-05-09T17:28:25.515261+00:00,0.187911,2.505e-05
svc-batch-transform-512mb-standard-container,13,2026-05-09T19:13:27.652206+00:00,0.186133,2.482e-05
svc-batch-transform-512mb-standard-container,14,2026-05-09T20:58:47.676224+00:00,0.194378,2.592e-05
svc-batch-transform-512mb-standard-container,15,2026-05-09T22:44:03.008936+00:00,0.190356,2.538e-05
svc-batch-transform-512mb-standard-container,16,2026-05-10T00:29:12.601093+00:00,0.186667,2.489e-05
svc-batch-transform-512mb-standard-container,17,2026-05-10T02:16:55.778172+00:00,0.190089,2.535e-05
svc-batch-transform-512mb-standard-container,18,2026-05-10T04:01:55.836367+00:00,0.198222,2.643e-05
svc-batch-transform-512mb-standard-container,19,2026-05-10T05:46:56.052215+00:00,0.754111,0.00010055
svc-batch-transform-512mb-standard-container,20,2026-05-10T07:31:57.988784+00:00,0.937511,0.000125
svc-batch-transform-512mb-standard-container,21,2026-05-10T09:17:00.978480+00:00,0.894767,0.0001193
svc-batch-transform-512mb-standard-container,22,2026-05-10T11:02:03.222909+00:00,0.934056,0.00012454
svc-batch-transform-512mb-standard-container,23,2026-05-10T12:47:04.946177+00:00,0.9452,0.00012603
svc-batch-transform-512mb-standard-container,24,2026-05-10T14:32:07.122957+00:00,0.906956,0.00012093
svc-batch-transform-512mb-standard-container,25,2026-05-10T16:17:08.294458+00:00,0.954989,0.00012733
svc-batch-transform-512mb-standard-container,26,2026-05-10T18:02:11.795836+00:00,0.9274,0.00012365
svc-batch-transform-512mb-standard-container,27,2026-05-10T19:47:11.800557+00:00,0.883756,0.00011783
svc-batch-transform-512mb-standard-container,28,2026-05-10T21:32:13.738359+00:00,1.644089,0.00021921
svc-batch-transform-512mb-standard-container,29,2026-05-10T23:17:14.996776+00:00,1.852533,0.000247
svc-batch-transform-512mb-standard-container,30,2026-05-11T01:02:15.124854+00:00,1.5436,0.00020581
svc-batch-transform-512mb-standard-container,31,2026-05-11T02:47:17.226894+00:00,1.825778,0.00024344
svc-batch-transform-512mb-standard-container,32,2026-05-11T14:02:02.336984+00:00,2.097722,0.0002797
svc-batch-transform-512mb-standard-container,33,2026-05-11T15:47:02.476028+00:00,1.811833,0.00024158
svc-batch-transform-512mb-standard-container,34,2026-05-11T17:32:03.215851+00:00,2.261444,0.00030153
svc-batch-transform-512mb-standard-container,35,2026-05-11T19:17:03.230831+00:00,2.202667,0.00029369
svc-batch-transform-512mb-standard-container,36,2026-05-11T21:02:05.402744+00:00,1.809644,0.00024129
svc-enterprise-microservice-2gb-slim-container,1,2026-05-08T21:52:42.943471+00:00,0.022178,2.96e-06
svc-enterprise-microservice-2gb-slim-container,2,2026-05-08T23:38:22.315084+00:00,0.021672,2.89e-06
svc-enterprise-microservice-2gb-slim-container,3,2026-05-09T01:24:38.542384+00:00,0.021806,2.91e-06
svc-enterprise-microservice-2gb-slim-container,4,2026-05-09T03:09:41.852104+00:00,0.022122,2.95e-06
svc-enterprise-microservice-2gb-slim-container,5,2026-05-09T04:58:50.978216+00:00,0.021811,2.91e-06
svc-enterprise-microservice-2gb-slim-container,6,2026-05-09T06:47:04.329613+00:00,0.0235,3.13e-06
svc-enterprise-microservice-2gb-slim-container,7,2026-05-09T08:34:45.042931+00:00,0.022661,3.02e-06
svc-enterprise-microservice-2gb-slim-container,8,2026-05-09T10:35:45.883107+00:00,0.02485,3.31e-06
svc-enterprise-microservice-2gb-slim-container,9,2026-05-09T12:22:59.083025+00:00,0.019472,2.6e-06
svc-enterprise-microservice-2gb-slim-container,10,2026-05-09T14:18:47.593865+00:00,0.182267,2.43e-05
svc-enterprise-microservice-2gb-slim-container,11,2026-05-09T16:03:51.256411+00:00,0.198644,2.649e-05
svc-enterprise-microservice-2gb-slim-container,12,2026-05-09T17:48:58.776930+00:00,0.198889,2.652e-05
svc-enterprise-microservice-2gb-slim-container,13,2026-05-09T19:34:04.252882+00:00,0.196089,2.615e-05
svc-enterprise-microservice-2gb-slim-container,14,2026-05-09T21:19:56.982803+00:00,0.200222,2.67e-05
svc-enterprise-microservice-2gb-slim-container,15,2026-05-09T23:05:08.757458+00:00,0.199289,2.657e-05
svc-enterprise-microservice-2gb-slim-container,16,2026-05-10T00:50:45.846336+00:00,0.1964,2.619e-05
svc-enterprise-microservice-2gb-slim-container,17,2026-05-10T02:38:45.954849+00:00,0.2118,2.824e-05
svc-enterprise-microservice-2gb-slim-container,18,2026-05-10T04:24:13.804394+00:00,0.212489,2.833e-05
svc-enterprise-microservice-2gb-slim-container,19,2026-05-10T06:09:48.480733+00:00,0.9362,0.00012483
svc-enterprise-microservice-2gb-slim-container,20,2026-05-10T07:54:49.069797+00:00,0.9938,0.00013251
svc-enterprise-microservice-2gb-slim-container,21,2026-05-10T09:39:50.087106+00:00,0.952622,0.00012702
svc-enterprise-microservice-2gb-slim-container,22,2026-05-10T11:24:50.267403+00:00,1.007167,0.00013429
svc-enterprise-microservice-2gb-slim-container,23,2026-05-10T13:10:00.427414+00:00,1.005756,0.0001341
svc-enterprise-microservice-2gb-slim-container,24,2026-05-10T14:55:01.908689+00:00,0.949089,0.00012655
svc-enterprise-microservice-2gb-slim-container,25,2026-05-10T16:40:03.774128+00:00,1.024756,0.00013663
svc-enterprise-microservice-2gb-slim-container,26,2026-05-10T18:25:20.688790+00:00,0.989844,0.00013198
svc-enterprise-microservice-2gb-slim-container,27,2026-05-10T20:10:58.396171+00:00,0.950711,0.00012676
svc-enterprise-microservice-2gb-slim-container,28,2026-05-10T21:56:04.914984+00:00,1.915911,0.00025545
svc-enterprise-microservice-2gb-slim-container,29,2026-05-10T23:41:05.645200+00:00,1.952911,0.00026039
svc-enterprise-microservice-2gb-slim-container,30,2026-05-11T01:26:06.086873+00:00,1.639178,0.00021856
svc-enterprise-microservice-2gb-slim-container,31,2026-05-11T03:11:06.635919+00:00,1.969067,0.00026254
svc-enterprise-microservice-2gb-slim-container,32,2026-05-11T14:02:06.839941+00:00,2.097722,0.0002797
svc-enterprise-microservice-2gb-slim-container,33,2026-05-11T15:47:07.146992+00:00,1.811833,0.00024158
svc-enterprise-microservice-2gb-slim-container,34,2026-05-11T17:32:18.974360+00:00,2.261444,0.00030153
svc-enterprise-microservice-2gb-slim-container,35,2026-05-11T19:17:22.015669+00:00,2.202667,0.00029369
svc-enterprise-microservice-2gb-slim-container,36,2026-05-11T21:02:24.252723+00:00,1.809644,0.00024129
svc-enterprise-microservice-2gb-standard-container,1,2026-05-08T21:52:43.443839+00:00,0.022178,2.96e-06
svc-enterprise-microservice-2gb-standard-container,2,2026-05-08T23:38:30.039624+00:00,0.021672,2.89e-06
svc-enterprise-microservice-2gb-standard-container,3,2026-05-09T01:23:41.422718+00:00,0.022006,2.93e-06
svc-enterprise-microservice-2gb-standard-container,4,2026-05-09T03:09:11.889968+00:00,0.022122,2.95e-06
svc-enterprise-microservice-2gb-standard-container,5,2026-05-09T05:02:02.204829+00:00,0.020622,2.75e-06
svc-enterprise-microservice-2gb-standard-container,6,2026-05-09T06:49:41.872103+00:00,0.022878,3.05e-06
svc-enterprise-microservice-2gb-standard-container,7,2026-05-09T08:37:30.400254+00:00,0.022839,3.05e-06
svc-enterprise-microservice-2gb-standard-container,8,2026-05-09T10:26:28.214023+00:00,0.027011,3.6e-06
svc-enterprise-microservice-2gb-standard-container,9,2026-05-09T12:13:01.382191+00:00,0.020161,2.69e-06
svc-enterprise-microservice-2gb-standard-container,10,2026-05-09T14:48:34.841085+00:00,0.185622,2.475e-05
svc-enterprise-microservice-2gb-standard-container,11,2026-05-09T16:33:42.539654+00:00,0.188111,2.508e-05
svc-enterprise-microservice-2gb-standard-container,12,2026-05-09T18:18:50.034157+00:00,0.189978,2.533e-05
svc-enterprise-microservice-2gb-standard-container,13,2026-05-09T20:03:55.223150+00:00,0.188578,2.514e-05
svc-enterprise-microservice-2gb-standard-container,14,2026-05-09T21:48:59.575245+00:00,0.193511,2.58e-05
svc-enterprise-microservice-2gb-standard-container,15,2026-05-09T23:33:59.786029+00:00,0.187178,2.496e-05
svc-enterprise-microservice-2gb-standard-container,16,2026-05-10T01:19:24.198681+00:00,0.1854,2.472e-05
svc-enterprise-microservice-2gb-standard-container,17,2026-05-10T03:04:28.996108+00:00,0.204022,2.72e-05
svc-enterprise-microservice-2gb-standard-container,18,2026-05-10T04:49:39.021641+00:00,0.278911,3.719e-05
svc-enterprise-microservice-2gb-standard-container,19,2026-05-10T06:34:52.707857+00:00,0.933067,0.00012441
svc-enterprise-microservice-2gb-standard-container,20,2026-05-10T08:19:53.144142+00:00,0.929444,0.00012393
svc-enterprise-microservice-2gb-standard-container,21,2026-05-10T10:04:55.940871+00:00,0.910133,0.00012135
svc-enterprise-microservice-2gb-standard-container,22,2026-05-10T11:49:56.485370+00:00,0.954922,0.00012732
svc-enterprise-microservice-2gb-standard-container,23,2026-05-10T13:35:01.803897+00:00,0.944089,0.00012588
svc-enterprise-microservice-2gb-standard-container,24,2026-05-10T15:20:06.743683+00:00,0.918422,0.00012246
svc-enterprise-microservice-2gb-standard-container,25,2026-05-10T17:05:15.439307+00:00,0.948133,0.00012642
svc-enterprise-microservice-2gb-standard-container,26,2026-05-10T18:50:23.952646+00:00,0.904556,0.00012061
svc-enterprise-microservice-2gb-standard-container,27,2026-05-10T20:35:38.166526+00:00,1.0258,0.00013677
svc-enterprise-microservice-2gb-standard-container,28,2026-05-10T22:20:39.270640+00:00,1.860578,0.00024808
svc-enterprise-microservice-2gb-standard-container,29,2026-05-11T00:05:39.781394+00:00,1.772711,0.00023636
svc-enterprise-microservice-2gb-standard-container,30,2026-05-11T01:50:40.672659+00:00,1.600533,0.0002134
svc-enterprise-microservice-2gb-standard-container,31,2026-05-11T03:35:41.208035+00:00,1.862356,0.00024831
svc-enterprise-microservice-2gb-standard-container,32,2026-05-11T14:02:07.340293+00:00,2.097722,0.0002797
svc-enterprise-microservice-2gb-standard-container,33,2026-05-11T15:47:14.720015+00:00,1.811833,0.00024158
svc-enterprise-microservice-2gb-standard-container,34,2026-05-11T17:32:14.908032+00:00,2.261444,0.00030153
svc-enterprise-microservice-2gb-standard-container,35,2026-05-11T19:17:26.093462+00:00,2.202667,0.00029369
svc-enterprise-microservice-2gb-standard-container,36,2026-05-11T21:02:48.940409+00:00,1.809644,0.00024129
svc-enterprise-microservice-512mb-slim-container,1,2026-05-08T21:52:41.942755+00:00,0.022178,2.96e-06
svc-enterprise-microservice-512mb-slim-container,2,2026-05-08T23:38:36.707454+00:00,0.021672,2.89e-06
svc-enterprise-microservice-512mb-slim-container,3,2026-05-09T01:24:52.368737+00:00,0.021806,2.91e-06
svc-enterprise-microservice-512mb-slim-container,4,2026-05-09T03:10:40.030669+00:00,0.021611,2.88e-06
svc-enterprise-microservice-512mb-slim-container,5,2026-05-09T05:02:20.072815+00:00,0.020622,2.75e-06
svc-enterprise-microservice-512mb-slim-container,6,2026-05-09T06:50:40.635499+00:00,0.022633,3.02e-06
svc-enterprise-microservice-512mb-slim-container,7,2026-05-09T08:43:47.386226+00:00,0.019656,2.62e-06
svc-enterprise-microservice-512mb-slim-container,8,2026-05-09T10:39:45.006187+00:00,0.024206,3.23e-06
svc-enterprise-microservice-512mb-slim-container,9,2026-05-09T12:28:17.990367+00:00,0.018789,2.51e-06
svc-enterprise-microservice-512mb-slim-container,10,2026-05-09T14:34:26.228567+00:00,0.183978,2.453e-05
svc-enterprise-microservice-512mb-slim-container,11,2026-05-09T16:19:29.404667+00:00,0.1906,2.541e-05
svc-enterprise-microservice-512mb-slim-container,12,2026-05-09T18:04:32.533731+00:00,0.192244,2.563e-05
svc-enterprise-microservice-512mb-slim-container,13,2026-05-09T19:49:35.519656+00:00,0.191556,2.554e-05
svc-enterprise-microservice-512mb-slim-container,14,2026-05-09T21:34:51.570844+00:00,0.194489,2.593e-05
svc-enterprise-microservice-512mb-slim-container,15,2026-05-09T23:20:06.943841+00:00,0.193611,2.581e-05
svc-enterprise-microservice-512mb-slim-container,16,2026-05-10T01:05:08.659398+00:00,0.187667,2.502e-05
svc-enterprise-microservice-512mb-slim-container,17,2026-05-10T02:50:22.085088+00:00,0.203956,2.719e-05
svc-enterprise-microservice-512mb-slim-container,18,2026-05-10T04:36:23.509360+00:00,0.221844,2.958e-05
svc-enterprise-microservice-512mb-slim-container,19,2026-05-10T06:21:56.083640+00:00,0.941978,0.0001256
svc-enterprise-microservice-512mb-slim-container,20,2026-05-10T08:06:56.347249+00:00,0.967311,0.00012897
svc-enterprise-microservice-512mb-slim-container,21,2026-05-10T09:51:57.713606+00:00,0.935556,0.00012474
svc-enterprise-microservice-512mb-slim-container,22,2026-05-10T11:36:58.885019+00:00,0.983567,0.00013114
svc-enterprise-microservice-512mb-slim-container,23,2026-05-10T13:22:00.125464+00:00,0.980533,0.00013074
svc-enterprise-microservice-512mb-slim-container,24,2026-05-10T15:07:03.685369+00:00,0.938444,0.00012513
svc-enterprise-microservice-512mb-slim-container,25,2026-05-10T16:52:03.773041+00:00,0.991311,0.00013217
svc-enterprise-microservice-512mb-slim-container,26,2026-05-10T18:37:08.215915+00:00,0.963378,0.00012845
svc-enterprise-microservice-512mb-slim-container,27,2026-05-10T20:22:09.422891+00:00,0.975444,0.00013006
svc-enterprise-microservice-512mb-slim-container,28,2026-05-10T22:07:11.701159+00:00,1.903044,0.00025374
svc-enterprise-microservice-512mb-slim-container,29,2026-05-10T23:52:11.884145+00:00,1.885356,0.00025138
svc-enterprise-microservice-512mb-slim-container,30,2026-05-11T01:37:12.047249+00:00,1.626911,0.00021692
svc-enterprise-microservice-512mb-slim-container,31,2026-05-11T03:22:12.476270+00:00,1.928178,0.00025709
svc-enterprise-microservice-512mb-slim-container,32,2026-05-11T14:02:05.839279+00:00,2.097722,0.0002797
svc-enterprise-microservice-512mb-slim-container,33,2026-05-11T15:47:06.129119+00:00,1.811833,0.00024158
svc-enterprise-microservice-512mb-slim-container,34,2026-05-11T17:32:14.082138+00:00,2.261444,0.00030153
svc-enterprise-microservice-512mb-slim-container,35,2026-05-11T19:17:26.255871+00:00,2.202667,0.00029369
svc-enterprise-microservice-512mb-slim-container,36,2026-05-11T21:02:26.458660+00:00,1.809644,0.00024129
svc-enterprise-microservice-512mb-standard-container,1,2026-05-08T21:52:42.443110+00:00,0.022178,2.96e-06
svc-enterprise-microservice-512mb-standard-container,2,2026-05-08T23:38:13.251326+00:00,0.021672,2.89e-06
svc-enterprise-microservice-512mb-standard-container,3,2026-05-09T01:23:32.730880+00:00,0.022006,2.93e-06
svc-enterprise-microservice-512mb-standard-container,4,2026-05-09T03:10:28.853493+00:00,0.021611,2.88e-06
svc-enterprise-microservice-512mb-standard-container,5,2026-05-09T04:55:44.574899+00:00,0.0223,2.97e-06
svc-enterprise-microservice-512mb-standard-container,6,2026-05-09T06:44:06.271240+00:00,0.023444,3.13e-06
svc-enterprise-microservice-512mb-standard-container,7,2026-05-09T08:40:02.909659+00:00,0.021317,2.84e-06
svc-enterprise-microservice-512mb-standard-container,8,2026-05-09T10:30:49.733970+00:00,0.025878,3.45e-06
svc-enterprise-microservice-512mb-standard-container,9,2026-05-09T12:46:10.587180+00:00,0.022333,2.98e-06
svc-enterprise-microservice-512mb-standard-container,10,2026-05-09T14:34:11.036524+00:00,0.183978,2.453e-05
svc-enterprise-microservice-512mb-standard-container,11,2026-05-09T16:19:17.339481+00:00,0.1906,2.541e-05
svc-enterprise-microservice-512mb-standard-container,12,2026-05-09T18:04:22.368474+00:00,0.192244,2.563e-05
svc-enterprise-microservice-512mb-standard-container,13,2026-05-09T19:49:24.640927+00:00,0.191556,2.554e-05
svc-enterprise-microservice-512mb-standard-container,14,2026-05-09T21:34:25.504020+00:00,0.194489,2.593e-05
svc-enterprise-microservice-512mb-standard-container,15,2026-05-09T23:19:39.243668+00:00,0.194244,2.59e-05
svc-enterprise-microservice-512mb-standard-container,16,2026-05-10T01:04:41.922818+00:00,0.188111,2.508e-05
svc-enterprise-microservice-512mb-standard-container,17,2026-05-10T02:51:25.028408+00:00,0.2036,2.715e-05
svc-enterprise-microservice-512mb-standard-container,18,2026-05-10T04:37:16.049314+00:00,0.225089,3.001e-05
svc-enterprise-microservice-512mb-standard-container,19,2026-05-10T06:22:32.363608+00:00,0.940511,0.0001254
svc-enterprise-microservice-512mb-standard-container,20,2026-05-10T08:07:33.171594+00:00,0.963044,0.00012841
svc-enterprise-microservice-512mb-standard-container,21,2026-05-10T09:52:33.351467+00:00,0.932111,0.00012428
svc-enterprise-microservice-512mb-standard-container,22,2026-05-10T11:37:35.109716+00:00,0.9792,0.00013056
svc-enterprise-microservice-512mb-standard-container,23,2026-05-10T13:22:35.867883+00:00,0.980533,0.00013074
svc-enterprise-microservice-512mb-standard-container,24,2026-05-10T15:07:35.882106+00:00,0.938444,0.00012513
svc-enterprise-microservice-512mb-standard-container,25,2026-05-10T16:52:37.840211+00:00,0.991311,0.00013217
svc-enterprise-microservice-512mb-standard-container,26,2026-05-10T18:37:48.042690+00:00,0.963378,0.00012845
svc-enterprise-microservice-512mb-standard-container,27,2026-05-10T20:23:06.551031+00:00,0.972111,0.00012961
svc-enterprise-microservice-512mb-standard-container,28,2026-05-10T22:08:07.831124+00:00,1.897089,0.00025295
svc-enterprise-microservice-512mb-standard-container,29,2026-05-10T23:53:08.102223+00:00,1.873756,0.00024983
svc-enterprise-microservice-512mb-standard-container,30,2026-05-11T01:38:08.542162+00:00,1.622489,0.00021633
svc-enterprise-microservice-512mb-standard-container,31,2026-05-11T03:23:08.547847+00:00,1.922656,0.00025635
svc-enterprise-microservice-512mb-standard-container,32,2026-05-11T14:02:06.339606+00:00,2.097722,0.0002797
svc-enterprise-microservice-512mb-standard-container,33,2026-05-11T15:47:06.930909+00:00,1.811833,0.00024158
svc-enterprise-microservice-512mb-standard-container,34,2026-05-11T17:32:08.455852+00:00,2.261444,0.00030153
svc-enterprise-microservice-512mb-standard-container,35,2026-05-11T19:17:23.532258+00:00,2.202667,0.00029369
svc-enterprise-microservice-512mb-standard-container,36,2026-05-11T21:02:24.386163+00:00,1.809644,0.00024129
svc-event-driven-api-2gb-slim-container,1,2026-05-08T21:52:36.939331+00:00,0.022178,2.96e-06
svc-event-driven-api-2gb-slim-container,2,2026-05-08T23:38:03.896117+00:00,0.021672,2.89e-06
svc-event-driven-api-2gb-slim-container,3,2026-05-09T01:24:44.509446+00:00,0.021806,2.91e-06
svc-event-driven-api-2gb-slim-container,4,2026-05-09T03:10:37.476247+00:00,0.021611,2.88e-06
svc-event-driven-api-2gb-slim-container,5,2026-05-09T04:55:40.217522+00:00,0.0223,2.97e-06
svc-event-driven-api-2gb-slim-container,6,2026-05-09T07:01:32.878467+00:00,0.02135,2.85e-06
svc-event-driven-api-2gb-slim-container,7,2026-05-09T08:49:15.199921+00:00,0.020111,2.68e-06
svc-event-driven-api-2gb-slim-container,8,2026-05-09T10:35:23.522819+00:00,0.02485,3.31e-06
svc-event-driven-api-2gb-slim-container,9,2026-05-09T12:20:45.430871+00:00,0.019772,2.64e-06
svc-event-driven-api-2gb-slim-container,10,2026-05-09T14:06:55.604090+00:00,0.167267,2.23e-05
svc-event-driven-api-2gb-slim-container,11,2026-05-09T15:51:57.665855+00:00,0.1942,2.589e-05
svc-event-driven-api-2gb-slim-container,12,2026-05-09T17:37:14.411568+00:00,0.193867,2.585e-05
svc-event-driven-api-2gb-slim-container,13,2026-05-09T19:22:16.456626+00:00,0.191978,2.56e-05
svc-event-driven-api-2gb-slim-container,14,2026-05-09T21:07:21.430422+00:00,0.198111,2.641e-05
svc-event-driven-api-2gb-slim-container,15,2026-05-09T22:53:17.355814+00:00,0.1972,2.629e-05
svc-event-driven-api-2gb-slim-container,16,2026-05-10T00:38:32.512694+00:00,0.190867,2.545e-05
svc-event-driven-api-2gb-slim-container,17,2026-05-10T02:28:54.569212+00:00,0.204778,2.73e-05
svc-event-driven-api-2gb-slim-container,18,2026-05-10T04:14:21.482500+00:00,0.204533,2.727e-05
svc-event-driven-api-2gb-slim-container,19,2026-05-10T06:02:08.110335+00:00,0.898689,0.00011983
svc-event-driven-api-2gb-slim-container,20,2026-05-10T07:47:09.945057+00:00,0.979611,0.00013061
svc-event-driven-api-2gb-slim-container,21,2026-05-10T09:32:10.344959+00:00,0.935767,0.00012477
svc-event-driven-api-2gb-slim-container,22,2026-05-10T11:17:10.583180+00:00,0.987444,0.00013166
svc-event-driven-api-2gb-slim-container,23,2026-05-10T13:02:23.402539+00:00,0.985533,0.0001314
svc-event-driven-api-2gb-slim-container,24,2026-05-10T14:47:24.469629+00:00,0.933133,0.00012442
svc-event-driven-api-2gb-slim-container,25,2026-05-10T16:32:42.286351+00:00,1.003733,0.00013383
svc-event-driven-api-2gb-slim-container,26,2026-05-10T18:17:52.657385+00:00,0.967378,0.00012898
svc-event-driven-api-2gb-slim-container,27,2026-05-10T20:03:08.648823+00:00,0.927356,0.00012365
svc-event-driven-api-2gb-slim-container,28,2026-05-10T21:48:23.520311+00:00,1.857178,0.00024762
svc-event-driven-api-2gb-slim-container,29,2026-05-10T23:33:24.287310+00:00,1.928156,0.00025709
svc-event-driven-api-2gb-slim-container,30,2026-05-11T01:18:25.079642+00:00,1.591456,0.00021219
svc-event-driven-api-2gb-slim-container,31,2026-05-11T03:03:25.100161+00:00,1.933089,0.00025775
svc-event-driven-api-2gb-slim-container,32,2026-05-11T14:02:00.835945+00:00,2.097722,0.0002797
svc-event-driven-api-2gb-slim-container,33,2026-05-11T15:47:03.013036+00:00,1.811833,0.00024158
svc-event-driven-api-2gb-slim-container,34,2026-05-11T17:32:03.184112+00:00,2.261444,0.00030153
svc-event-driven-api-2gb-slim-container,35,2026-05-11T19:17:03.820322+00:00,2.202667,0.00029369
svc-event-driven-api-2gb-slim-container,36,2026-05-11T21:02:10.810919+00:00,1.809644,0.00024129
svc-event-driven-api-2gb-standard-container,1,2026-05-08T21:52:37.439705+00:00,0.022178,2.96e-06
svc-event-driven-api-2gb-standard-container,2,2026-05-08T23:37:54.043021+00:00,0.021828,2.91e-06
svc-event-driven-api-2gb-standard-container,3,2026-05-09T01:23:47.000696+00:00,0.022006,2.93e-06
svc-event-driven-api-2gb-standard-container,4,2026-05-09T03:08:56.229053+00:00,0.022278,2.97e-06
svc-event-driven-api-2gb-standard-container,5,2026-05-09T04:54:05.289733+00:00,0.022433,2.99e-06
svc-event-driven-api-2gb-standard-container,6,2026-05-09T06:53:18.823652+00:00,0.022228,2.96e-06
svc-event-driven-api-2gb-standard-container,7,2026-05-09T08:42:33.332885+00:00,0.020144,2.69e-06
svc-event-driven-api-2gb-standard-container,8,2026-05-09T10:28:53.905072+00:00,0.026478,3.53e-06
svc-event-driven-api-2gb-standard-container,9,2026-05-09T13:22:45.436686+00:00,0.075456,1.006e-05
svc-event-driven-api-2gb-standard-container,10,2026-05-09T15:14:39.220057+00:00,0.186444,2.486e-05
svc-event-driven-api-2gb-standard-container,11,2026-05-09T16:59:42.732522+00:00,0.186689,2.489e-05
svc-event-driven-api-2gb-standard-container,12,2026-05-09T18:44:46.511965+00:00,0.1886,2.515e-05
svc-event-driven-api-2gb-standard-container,13,2026-05-09T20:30:00.121285+00:00,0.188489,2.513e-05
svc-event-driven-api-2gb-standard-container,14,2026-05-09T22:15:21.761478+00:00,0.189267,2.524e-05
svc-event-driven-api-2gb-standard-container,15,2026-05-10T00:01:06.977675+00:00,0.194911,2.599e-05
svc-event-driven-api-2gb-standard-container,16,2026-05-10T01:46:39.034976+00:00,0.183556,2.447e-05
svc-event-driven-api-2gb-standard-container,17,2026-05-10T03:32:13.564806+00:00,0.195244,2.603e-05
svc-event-driven-api-2gb-standard-container,18,2026-05-10T05:19:08.043855+00:00,0.498378,6.645e-05
svc-event-driven-api-2gb-standard-container,19,2026-05-10T07:05:35.049687+00:00,0.936378,0.00012485
svc-event-driven-api-2gb-standard-container,20,2026-05-10T08:50:36.512061+00:00,0.909056,0.00012121
svc-event-driven-api-2gb-standard-container,21,2026-05-10T10:35:37.844428+00:00,0.914333,0.00012191
svc-event-driven-api-2gb-standard-container,22,2026-05-10T12:20:40.405399+00:00,0.948378,0.00012645
svc-event-driven-api-2gb-standard-container,23,2026-05-10T14:05:41.071719+00:00,0.921889,0.00012292
svc-event-driven-api-2gb-standard-container,24,2026-05-10T15:50:42.110429+00:00,0.946444,0.00012619
svc-event-driven-api-2gb-standard-container,25,2026-05-10T17:35:50.017050+00:00,0.947289,0.00012631
svc-event-driven-api-2gb-standard-container,26,2026-05-10T19:20:50.066818+00:00,0.904,0.00012053
svc-event-driven-api-2gb-standard-container,27,2026-05-10T21:05:53.626576+00:00,1.318822,0.00017584
svc-event-driven-api-2gb-standard-container,28,2026-05-10T22:51:05.497106+00:00,1.858444,0.00024779
svc-event-driven-api-2gb-standard-container,29,2026-05-11T00:36:06.208420+00:00,1.651133,0.00022015
svc-event-driven-api-2gb-standard-container,30,2026-05-11T02:21:06.262702+00:00,1.7098,0.00022797
svc-event-driven-api-2gb-standard-container,31,2026-05-11T04:06:06.317410+00:00,1.854867,0.00024732
svc-event-driven-api-2gb-standard-container,32,2026-05-11T14:02:01.336279+00:00,2.097722,0.0002797
svc-event-driven-api-2gb-standard-container,33,2026-05-11T15:47:02.593519+00:00,1.811833,0.00024158
svc-event-driven-api-2gb-standard-container,34,2026-05-11T17:32:03.275307+00:00,2.261444,0.00030153
svc-event-driven-api-2gb-standard-container,35,2026-05-11T19:17:11.312034+00:00,2.202667,0.00029369
svc-event-driven-api-2gb-standard-container,36,2026-05-11T21:02:12.516912+00:00,1.809644,0.00024129
svc-event-driven-api-512mb-slim-container,1,2026-05-08T21:52:35.938637+00:00,0.022178,2.96e-06
svc-event-driven-api-512mb-slim-container,2,2026-05-08T23:37:43.637753+00:00,0.021828,2.91e-06
svc-event-driven-api-512mb-slim-container,3,2026-05-09T01:23:21.594147+00:00,0.022006,2.93e-06
svc-event-driven-api-512mb-slim-container,4,2026-05-09T03:08:22.368525+00:00,0.022278,2.97e-06
svc-event-driven-api-512mb-slim-container,5,2026-05-09T04:58:19.523554+00:00,0.021811,2.91e-06
svc-event-driven-api-512mb-slim-container,6,2026-05-09T06:48:01.233469+00:00,0.023167,3.09e-06
svc-event-driven-api-512mb-slim-container,7,2026-05-09T08:33:46.418753+00:00,0.022839,3.05e-06
svc-event-driven-api-512mb-slim-container,8,2026-05-09T11:06:48.179168+00:00,0.022094,2.95e-06
svc-event-driven-api-512mb-slim-container,9,2026-05-09T13:08:00.575922+00:00,0.052317,6.98e-06
svc-event-driven-api-512mb-slim-container,10,2026-05-09T14:57:27.112827+00:00,0.187689,2.503e-05
svc-event-driven-api-512mb-slim-container,11,2026-05-09T16:42:37.040782+00:00,0.189,2.52e-05
svc-event-driven-api-512mb-slim-container,12,2026-05-09T18:27:49.535709+00:00,0.1918,2.557e-05
svc-event-driven-api-512mb-slim-container,13,2026-05-09T20:12:53.707837+00:00,0.191044,2.547e-05
svc-event-driven-api-512mb-slim-container,14,2026-05-09T21:58:46.616089+00:00,0.194911,2.599e-05
svc-event-driven-api-512mb-slim-container,15,2026-05-09T23:43:48.039120+00:00,0.191444,2.553e-05
svc-event-driven-api-512mb-slim-container,16,2026-05-10T01:28:52.837063+00:00,0.184156,2.455e-05
svc-event-driven-api-512mb-slim-container,17,2026-05-10T03:15:09.994267+00:00,0.199733,2.663e-05
svc-event-driven-api-512mb-slim-container,18,2026-05-10T05:01:33.439642+00:00,0.361156,4.815e-05
svc-event-driven-api-512mb-slim-container,19,2026-05-10T06:47:22.880546+00:00,0.9472,0.00012629
svc-event-driven-api-512mb-slim-container,20,2026-05-10T08:32:23.458534+00:00,0.927333,0.00012364
svc-event-driven-api-512mb-slim-container,21,2026-05-10T10:17:23.494491+00:00,0.918633,0.00012248
svc-event-driven-api-512mb-slim-container,22,2026-05-10T12:02:23.919237+00:00,0.957244,0.00012763
svc-event-driven-api-512mb-slim-container,23,2026-05-10T13:47:31.332138+00:00,0.940489,0.0001254
svc-event-driven-api-512mb-slim-container,24,2026-05-10T15:32:37.251092+00:00,0.934933,0.00012466
svc-event-driven-api-512mb-slim-container,25,2026-05-10T17:17:39.476670+00:00,0.949622,0.00012662
svc-event-driven-api-512mb-slim-container,26,2026-05-10T19:02:48.266112+00:00,0.907578,0.00012101
svc-event-driven-api-512mb-slim-container,27,2026-05-10T20:47:49.347395+00:00,1.146978,0.00015293
svc-event-driven-api-512mb-slim-container,28,2026-05-10T22:33:29.495281+00:00,1.883889,0.00025119
svc-event-driven-api-512mb-slim-container,29,2026-05-11T00:18:29.562480+00:00,1.735556,0.00023141
svc-event-driven-api-512mb-slim-container,30,2026-05-11T02:03:29.609853+00:00,1.655022,0.00022067
svc-event-driven-api-512mb-slim-container,31,2026-05-11T03:48:30.103139+00:00,1.868211,0.00024909
svc-event-driven-api-512mb-slim-container,32,2026-05-11T14:01:59.835292+00:00,2.120256,0.0002827
svc-event-driven-api-512mb-slim-container,33,2026-05-11T15:47:01.034317+00:00,1.811833,0.00024158
svc-event-driven-api-512mb-slim-container,34,2026-05-11T17:32:01.130265+00:00,2.261444,0.00030153
svc-event-driven-api-512mb-slim-container,35,2026-05-11T19:17:04.125454+00:00,2.202667,0.00029369
svc-event-driven-api-512mb-slim-container,36,2026-05-11T21:02:42.581676+00:00,1.809644,0.00024129
svc-event-driven-api-512mb-standard-container,1,2026-05-08T21:52:36.438974+00:00,0.022178,2.96e-06
svc-event-driven-api-512mb-standard-container,2,2026-05-08T23:37:51.666794+00:00,0.021828,2.91e-06
svc-event-driven-api-512mb-standard-container,3,2026-05-09T01:23:50.286431+00:00,0.022006,2.93e-06
svc-event-driven-api-512mb-standard-container,4,2026-05-09T03:09:50.539794+00:00,0.022122,2.95e-06
svc-event-driven-api-512mb-standard-container,5,2026-05-09T04:55:01.714591+00:00,0.0223,2.97e-06
svc-event-driven-api-512mb-standard-container,6,2026-05-09T06:40:52.204952+00:00,0.023406,3.12e-06
svc-event-driven-api-512mb-standard-container,7,2026-05-09T08:25:54.620842+00:00,0.02335,3.11e-06
svc-event-driven-api-512mb-standard-container,8,2026-05-09T10:25:59.058524+00:00,0.026656,3.55e-06
svc-event-driven-api-512mb-standard-container,9,2026-05-09T12:25:39.335566+00:00,0.018717,2.5e-06
svc-event-driven-api-512mb-standard-container,10,2026-05-09T14:22:59.821222+00:00,0.183911,2.452e-05
svc-event-driven-api-512mb-standard-container,11,2026-05-09T16:08:04.760231+00:00,0.1968,2.624e-05
svc-event-driven-api-512mb-standard-container,12,2026-05-09T17:53:10.550836+00:00,0.197778,2.637e-05
svc-event-driven-api-512mb-standard-container,13,2026-05-09T19:38:17.787978+00:00,0.196911,2.625e-05
svc-event-driven-api-512mb-standard-container,14,2026-05-09T21:23:53.058287+00:00,0.199533,2.66e-05
svc-event-driven-api-512mb-standard-container,15,2026-05-09T23:08:59.317615+00:00,0.1992,2.656e-05
svc-event-driven-api-512mb-standard-container,16,2026-05-10T00:53:59.344344+00:00,0.194833,2.598e-05
svc-event-driven-api-512mb-standard-container,17,2026-05-10T02:39:29.872183+00:00,0.21,2.8e-05
svc-event-driven-api-512mb-standard-container,18,2026-05-10T04:24:55.608954+00:00,0.212489,2.833e-05
svc-event-driven-api-512mb-standard-container,19,2026-05-10T06:11:25.491144+00:00,0.941689,0.00012556
svc-event-driven-api-512mb-standard-container,20,2026-05-10T07:56:26.294611+00:00,0.993867,0.00013252
svc-event-driven-api-512mb-standard-container,21,2026-05-10T09:41:27.784491+00:00,0.954333,0.00012724
svc-event-driven-api-512mb-standard-container,22,2026-05-10T11:26:30.781507+00:00,1.004889,0.00013399
svc-event-driven-api-512mb-standard-container,23,2026-05-10T13:11:39.068040+00:00,1.007089,0.00013428
svc-event-driven-api-512mb-standard-container,24,2026-05-10T14:57:01.289924+00:00,0.950756,0.00012677
svc-event-driven-api-512mb-standard-container,25,2026-05-10T16:42:01.317759+00:00,1.028844,0.00013718
svc-event-driven-api-512mb-standard-container,26,2026-05-10T18:27:42.661420+00:00,0.988444,0.00013179
svc-event-driven-api-512mb-standard-container,27,2026-05-10T20:13:16.647567+00:00,0.9586,0.00012781
svc-event-driven-api-512mb-standard-container,28,2026-05-10T21:58:24.639554+00:00,1.923667,0.00025649
svc-event-driven-api-512mb-standard-container,29,2026-05-10T23:43:24.833329+00:00,1.952422,0.00026032
svc-event-driven-api-512mb-standard-container,30,2026-05-11T01:28:25.831079+00:00,1.644267,0.00021924
svc-event-driven-api-512mb-standard-container,31,2026-05-11T03:13:25.847303+00:00,1.967844,0.00026238
svc-event-driven-api-512mb-standard-container,32,2026-05-11T14:02:00.335692+00:00,2.097722,0.0002797
svc-event-driven-api-512mb-standard-container,33,2026-05-11T15:47:05.166524+00:00,1.811833,0.00024158
svc-event-driven-api-512mb-standard-container,34,2026-05-11T17:32:06.539749+00:00,2.261444,0.00030153
svc-event-driven-api-512mb-standard-container,35,2026-05-11T19:17:10.409541+00:00,2.202667,0.00029369
svc-event-driven-api-512mb-standard-container,36,2026-05-11T21:02:49.232546+00:00,1.809644,0.00024129
svc-ml-inference-2gb-slim-container,1,2026-05-08T21:52:40.942049+00:00,0.022178,2.96e-06
svc-ml-inference-2gb-slim-container,2,2026-05-08T23:38:03.333663+00:00,0.021672,2.89e-06
svc-ml-inference-2gb-slim-container,3,2026-05-09T01:23:40.050992+00:00,0.022006,2.93e-06
svc-ml-inference-2gb-slim-container,4,2026-05-09T03:10:09.244470+00:00,0.021611,2.88e-06
svc-ml-inference-2gb-slim-container,5,2026-05-09T04:57:38.831902+00:00,0.021811,2.91e-06
svc-ml-inference-2gb-slim-container,6,2026-05-09T07:01:02.014677+00:00,0.02135,2.85e-06
svc-ml-inference-2gb-slim-container,7,2026-05-09T08:50:15.356590+00:00,0.019756,2.63e-06
svc-ml-inference-2gb-slim-container,8,2026-05-09T10:35:33.715795+00:00,0.02485,3.31e-06
svc-ml-inference-2gb-slim-container,9,2026-05-09T12:23:26.356414+00:00,0.018761,2.5e-06
svc-ml-inference-2gb-slim-container,10,2026-05-09T14:22:18.252672+00:00,0.183911,2.452e-05
svc-ml-inference-2gb-slim-container,11,2026-05-09T16:07:21.415328+00:00,0.197267,2.63e-05
svc-ml-inference-2gb-slim-container,12,2026-05-09T17:52:21.585457+00:00,0.198489,2.647e-05
svc-ml-inference-2gb-slim-container,13,2026-05-09T19:37:23.926785+00:00,0.196756,2.623e-05
svc-ml-inference-2gb-slim-container,14,2026-05-09T21:22:28.861898+00:00,0.1994,2.659e-05
svc-ml-inference-2gb-slim-container,15,2026-05-09T23:08:30.990769+00:00,0.1992,2.656e-05
svc-ml-inference-2gb-slim-container,16,2026-05-10T00:53:34.222026+00:00,0.194833,2.598e-05
svc-ml-inference-2gb-slim-container,17,2026-05-10T02:39:41.151468+00:00,0.21,2.8e-05
svc-ml-inference-2gb-slim-container,18,2026-05-10T04:25:51.080299+00:00,0.212067,2.828e-05
svc-ml-inference-2gb-slim-container,19,2026-05-10T06:15:11.537050+00:00,0.947422,0.00012632
svc-ml-inference-2gb-slim-container,20,2026-05-10T08:00:11.733724+00:00,0.9882,0.00013176
svc-ml-inference-2gb-slim-container,21,2026-05-10T09:45:13.149706+00:00,0.950867,0.00012678
svc-ml-inference-2gb-slim-container,22,2026-05-10T11:30:13.226490+00:00,1.002467,0.00013366
svc-ml-inference-2gb-slim-container,23,2026-05-10T13:15:13.836476+00:00,1.004667,0.00013396
svc-ml-inference-2gb-slim-container,24,2026-05-10T15:00:26.017764+00:00,0.948822,0.00012651
svc-ml-inference-2gb-slim-container,25,2026-05-10T16:45:29.976137+00:00,1.023911,0.00013652
svc-ml-inference-2gb-slim-container,26,2026-05-10T18:30:47.335322+00:00,0.990689,0.00013209
svc-ml-inference-2gb-slim-container,27,2026-05-10T20:15:47.581808+00:00,0.963778,0.0001285
svc-ml-inference-2gb-slim-container,28,2026-05-10T22:01:12.920970+00:00,1.923067,0.00025641
svc-ml-inference-2gb-slim-container,29,2026-05-10T23:46:13.122910+00:00,1.937022,0.00025827
svc-ml-inference-2gb-slim-container,30,2026-05-11T01:31:13.291606+00:00,1.641956,0.00021893
svc-ml-inference-2gb-slim-container,31,2026-05-11T03:16:13.473881+00:00,1.962711,0.00026169
svc-ml-inference-2gb-slim-container,32,2026-05-11T14:02:04.838660+00:00,2.097722,0.0002797
svc-ml-inference-2gb-slim-container,33,2026-05-11T15:47:07.799254+00:00,1.811833,0.00024158
svc-ml-inference-2gb-slim-container,34,2026-05-11T17:32:07.926653+00:00,2.261444,0.00030153
svc-ml-inference-2gb-slim-container,35,2026-05-11T19:17:09.166348+00:00,2.202667,0.00029369
svc-ml-inference-2gb-slim-container,36,2026-05-11T21:02:09.179664+00:00,1.809644,0.00024129
svc-ml-inference-2gb-standard-container,1,2026-05-08T21:52:41.442414+00:00,0.022178,2.96e-06
svc-ml-inference-2gb-standard-container,2,2026-05-08T23:38:44.968213+00:00,0.021672,2.89e-06
svc-ml-inference-2gb-standard-container,3,2026-05-09T01:25:31.244009+00:00,0.021633,2.88e-06
svc-ml-inference-2gb-standard-container,4,2026-05-09T03:11:05.879034+00:00,0.021056,2.81e-06
svc-ml-inference-2gb-standard-container,5,2026-05-09T04:56:13.179402+00:00,0.022011,2.93e-06
svc-ml-inference-2gb-standard-container,6,2026-05-09T06:42:18.826725+00:00,0.023533,3.14e-06
svc-ml-inference-2gb-standard-container,7,2026-05-09T08:29:51.562344+00:00,0.023033,3.07e-06
svc-ml-inference-2gb-standard-container,8,2026-05-09T10:18:35.556723+00:00,0.026489,3.53e-06
svc-ml-inference-2gb-standard-container,9,2026-05-09T12:04:17.746720+00:00,0.019822,2.64e-06
svc-ml-inference-2gb-standard-container,10,2026-05-09T14:26:17.881460+00:00,0.183689,2.449e-05
svc-ml-inference-2gb-standard-container,11,2026-05-09T16:11:18.104321+00:00,0.1946,2.595e-05
svc-ml-inference-2gb-standard-container,12,2026-05-09T17:56:25.037923+00:00,0.196311,2.617e-05
svc-ml-inference-2gb-standard-container,13,2026-05-09T19:41:26.151544+00:00,0.195244,2.603e-05
svc-ml-inference-2gb-standard-container,14,2026-05-09T21:26:26.374239+00:00,0.198067,2.641e-05
svc-ml-inference-2gb-standard-container,15,2026-05-09T23:11:49.089881+00:00,0.197978,2.64e-05
svc-ml-inference-2gb-standard-container,16,2026-05-10T00:57:08.181382+00:00,0.195444,2.606e-05
svc-ml-inference-2gb-standard-container,17,2026-05-10T02:45:08.776382+00:00,0.206267,2.75e-05
svc-ml-inference-2gb-standard-container,18,2026-05-10T04:30:43.365624+00:00,0.213622,2.848e-05
svc-ml-inference-2gb-standard-container,19,2026-05-10T06:16:01.232686+00:00,0.945467,0.00012606
svc-ml-inference-2gb-standard-container,20,2026-05-10T08:01:01.815257+00:00,0.982933,0.00013106
svc-ml-inference-2gb-standard-container,21,2026-05-10T09:46:02.181400+00:00,0.947333,0.00012631
svc-ml-inference-2gb-standard-container,22,2026-05-10T11:31:02.630430+00:00,0.999378,0.00013325
svc-ml-inference-2gb-standard-container,23,2026-05-10T13:16:06.474621+00:00,1.001067,0.00013348
svc-ml-inference-2gb-standard-container,24,2026-05-10T15:01:35.743154+00:00,0.946289,0.00012617
svc-ml-inference-2gb-standard-container,25,2026-05-10T16:46:36.607278+00:00,1.015511,0.0001354
svc-ml-inference-2gb-standard-container,26,2026-05-10T18:32:51.734081+00:00,0.986044,0.00013147
svc-ml-inference-2gb-standard-container,27,2026-05-10T20:18:19.563479+00:00,0.966667,0.00012889
svc-ml-inference-2gb-standard-container,28,2026-05-10T22:03:19.854785+00:00,1.917711,0.00025569
svc-ml-inference-2gb-standard-container,29,2026-05-10T23:48:20.343016+00:00,1.920656,0.00025609
svc-ml-inference-2gb-standard-container,30,2026-05-11T01:33:22.333473+00:00,1.635811,0.00021811
svc-ml-inference-2gb-standard-container,31,2026-05-11T03:18:22.959738+00:00,1.951978,0.00026026
svc-ml-inference-2gb-standard-container,32,2026-05-11T14:02:05.339003+00:00,2.097722,0.0002797
svc-ml-inference-2gb-standard-container,33,2026-05-11T15:47:05.699116+00:00,1.811833,0.00024158
svc-ml-inference-2gb-standard-container,34,2026-05-11T17:32:05.871236+00:00,2.261444,0.00030153
svc-ml-inference-2gb-standard-container,35,2026-05-11T19:17:53.742273+00:00,2.202667,0.00029369
svc-ml-inference-2gb-standard-container,36,2026-05-11T21:02:54.101939+00:00,1.809644,0.00024129
svc-ml-inference-512mb-slim-container,1,2026-05-08T21:52:39.941347+00:00,0.022178,2.96e-06
svc-ml-inference-512mb-slim-container,2,2026-05-08T23:39:00.066137+00:00,0.021411,2.85e-06
svc-ml-inference-512mb-slim-container,3,2026-05-09T01:26:01.933890+00:00,0.021372,2.85e-06
svc-ml-inference-512mb-slim-container,4,2026-05-09T03:11:08.166909+00:00,0.021056,2.81e-06
svc-ml-inference-512mb-slim-container,5,2026-05-09T04:56:32.537716+00:00,0.022011,2.93e-06
svc-ml-inference-512mb-slim-container,6,2026-05-09T06:44:58.006225+00:00,0.023444,3.13e-06
svc-ml-inference-512mb-slim-container,7,2026-05-09T08:31:37.040689+00:00,0.023367,3.12e-06
svc-ml-inference-512mb-slim-container,8,2026-05-09T10:22:52.538638+00:00,0.026356,3.51e-06
svc-ml-inference-512mb-slim-container,9,2026-05-09T12:08:53.635278+00:00,0.019872,2.65e-06
svc-ml-inference-512mb-slim-container,10,2026-05-09T14:10:01.830714+00:00,0.174022,2.32e-05
svc-ml-inference-512mb-slim-container,11,2026-05-09T15:55:06.953455+00:00,0.197089,2.628e-05
svc-ml-inference-512mb-slim-container,12,2026-05-09T17:40:06.966653+00:00,0.196111,2.615e-05
svc-ml-inference-512mb-slim-container,13,2026-05-09T19:25:10.837226+00:00,0.193267,2.577e-05
svc-ml-inference-512mb-slim-container,14,2026-05-09T21:10:15.754729+00:00,0.1982,2.643e-05
svc-ml-inference-512mb-slim-container,15,2026-05-09T22:55:30.079443+00:00,0.198533,2.647e-05
svc-ml-inference-512mb-slim-container,16,2026-05-10T00:40:46.808993+00:00,0.194956,2.599e-05
svc-ml-inference-512mb-slim-container,17,2026-05-10T02:27:32.628798+00:00,0.204133,2.722e-05
svc-ml-inference-512mb-slim-container,18,2026-05-10T04:12:34.755047+00:00,0.206511,2.753e-05
svc-ml-inference-512mb-slim-container,19,2026-05-10T05:59:07.252861+00:00,0.873022,0.0001164
svc-ml-inference-512mb-slim-container,20,2026-05-10T07:44:07.769187+00:00,0.968978,0.0001292
svc-ml-inference-512mb-slim-container,21,2026-05-10T09:29:09.279525+00:00,0.9234,0.00012312
svc-ml-inference-512mb-slim-container,22,2026-05-10T11:14:09.977822+00:00,0.975222,0.00013003
svc-ml-inference-512mb-slim-container,23,2026-05-10T12:59:11.967359+00:00,0.975511,0.00013007
svc-ml-inference-512mb-slim-container,24,2026-05-10T14:44:12.782994+00:00,0.922178,0.00012296
svc-ml-inference-512mb-slim-container,25,2026-05-10T16:29:13.987072+00:00,0.995222,0.0001327
svc-ml-inference-512mb-slim-container,26,2026-05-10T18:14:23.029594+00:00,0.960689,0.00012809
svc-ml-inference-512mb-slim-container,27,2026-05-10T19:59:23.359145+00:00,0.9114,0.00012152
svc-ml-inference-512mb-slim-container,28,2026-05-10T21:44:24.783686+00:00,1.809333,0.00024124
svc-ml-inference-512mb-slim-container,29,2026-05-10T23:29:25.142787+00:00,1.903044,0.00025374
svc-ml-inference-512mb-slim-container,30,2026-05-11T01:14:26.074846+00:00,1.5668,0.00020891
svc-ml-inference-512mb-slim-container,31,2026-05-11T02:59:27.384097+00:00,1.904244,0.0002539
svc-ml-inference-512mb-slim-container,32,2026-05-11T14:02:03.838002+00:00,2.097722,0.0002797
svc-ml-inference-512mb-slim-container,33,2026-05-11T15:47:03.985181+00:00,1.811833,0.00024158
svc-ml-inference-512mb-slim-container,34,2026-05-11T17:32:05.079294+00:00,2.261444,0.00030153
svc-ml-inference-512mb-slim-container,35,2026-05-11T19:17:10.377819+00:00,2.202667,0.00029369
svc-ml-inference-512mb-slim-container,36,2026-05-11T21:02:10.496533+00:00,1.809644,0.00024129
svc-ml-inference-512mb-standard-container,1,2026-05-08T21:52:40.441701+00:00,0.022178,2.96e-06
svc-ml-inference-512mb-standard-container,2,2026-05-08T23:38:29.457002+00:00,0.021672,2.89e-06
svc-ml-inference-512mb-standard-container,3,2026-05-09T01:24:13.781356+00:00,0.021806,2.91e-06
svc-ml-inference-512mb-standard-container,4,2026-05-09T03:09:31.254160+00:00,0.022122,2.95e-06
svc-ml-inference-512mb-standard-container,5,2026-05-09T04:57:37.111926+00:00,0.021811,2.91e-06
svc-ml-inference-512mb-standard-container,6,2026-05-09T06:52:53.859213+00:00,0.02245,2.99e-06
svc-ml-inference-512mb-standard-container,7,2026-05-09T08:44:46.399182+00:00,0.019389,2.59e-06
svc-ml-inference-512mb-standard-container,8,2026-05-09T11:22:07.504731+00:00,0.019939,2.66e-06
svc-ml-inference-512mb-standard-container,9,2026-05-09T13:09:59.636720+00:00,0.054139,7.22e-06
svc-ml-inference-512mb-standard-container,10,2026-05-09T15:00:14.123812+00:00,0.187978,2.506e-05
svc-ml-inference-512mb-standard-container,11,2026-05-09T16:45:23.785031+00:00,0.188733,2.516e-05
svc-ml-inference-512mb-standard-container,12,2026-05-09T18:30:38.438480+00:00,0.191667,2.556e-05
svc-ml-inference-512mb-standard-container,13,2026-05-09T20:15:40.832513+00:00,0.187978,2.506e-05
svc-ml-inference-512mb-standard-container,14,2026-05-09T22:00:46.629458+00:00,0.1954,2.605e-05
svc-ml-inference-512mb-standard-container,15,2026-05-09T23:45:46.997636+00:00,0.191556,2.554e-05
svc-ml-inference-512mb-standard-container,16,2026-05-10T01:31:15.156666+00:00,0.178333,2.378e-05
svc-ml-inference-512mb-standard-container,17,2026-05-10T03:18:05.484815+00:00,0.196378,2.618e-05
svc-ml-inference-512mb-standard-container,18,2026-05-10T05:06:29.587471+00:00,0.399411,5.325e-05
svc-ml-inference-512mb-standard-container,19,2026-05-10T06:51:31.083588+00:00,0.946867,0.00012625
svc-ml-inference-512mb-standard-container,20,2026-05-10T08:36:32.335155+00:00,0.923844,0.00012318
svc-ml-inference-512mb-standard-container,21,2026-05-10T10:21:32.520882+00:00,0.918444,0.00012246
svc-ml-inference-512mb-standard-container,22,2026-05-10T12:06:33.412297+00:00,0.961867,0.00012825
svc-ml-inference-512mb-standard-container,23,2026-05-10T13:51:34.052864+00:00,0.937644,0.00012502
svc-ml-inference-512mb-standard-container,24,2026-05-10T15:36:34.325904+00:00,0.935378,0.00012472
svc-ml-inference-512mb-standard-container,25,2026-05-10T17:21:34.692018+00:00,0.954333,0.00012724
svc-ml-inference-512mb-standard-container,26,2026-05-10T19:06:37.457362+00:00,0.911289,0.00012151
svc-ml-inference-512mb-standard-container,27,2026-05-10T20:52:01.817174+00:00,1.187978,0.0001584
svc-ml-inference-512mb-standard-container,28,2026-05-10T22:37:01.898053+00:00,1.882078,0.00025094
svc-ml-inference-512mb-standard-container,29,2026-05-11T00:22:02.778189+00:00,1.717222,0.00022896
svc-ml-inference-512mb-standard-container,30,2026-05-11T02:07:03.315860+00:00,1.663311,0.00022177
svc-ml-inference-512mb-standard-container,31,2026-05-11T03:52:04.509844+00:00,1.871689,0.00024956
svc-ml-inference-512mb-standard-container,34,2026-05-11T17:32:06.650440+00:00,2.261444,0.00030153
svc-ml-inference-512mb-standard-container,35,2026-05-11T19:17:09.178661+00:00,2.202667,0.00029369
svc-ml-inference-512mb-standard-container,36,2026-05-11T21:02:09.645612+00:00,1.809644,0.00024129
